,ntraj,x,y,z,subvol,time,boxface,temp,sal,density,density10,ntrajc
21,22,3.0,119.5,8.5,218871660.27,0.0,2,-0.87,33.72,26.98,0.06,22
887739,22,6.0,120.5,8.5,220653400.75,0.0,2,-1.22,33.81,27.07,0.05,887740
21,22,8.0,132.5,8.5,243097900.22,0.0,2,-1.55,33.72,27.01,0.04,1759744
854136,22,11.0,132.5,8.5,243097900.22,0.0,2,-1.5,33.66,26.96,0.06,2613859
1694233,22,15.0,132.5,8.5,243097900.22,0.0,2,-1.4,33.6,26.91,0.07,3453956
21,22,16.0,133.5,8.5,245059335.18,0.0,2,-1.27,33.45,26.79,0.09,4282900
824513,22,19.0,136.5,8.5,251030404.71,0.0,2,-1.51,33.47,26.8,0.07,5107392
1634866,22,22.0,137.5,8.5,253049900.4,0.0,2,-1.67,33.49,26.83,0.06,5917745
21,22,26.0,136.5,8.5,251030404.71,0.0,2,-1.32,33.22,26.6,0.09,6744084
858267,22,30.0,135.5,8.5,249025531.04,0.0,2,-1.51,33.02,26.44,0.11,7602330
21,22,32.0,141.5,8.5,261275914.29,0.0,2,-1.84,32.92,26.37,0.02,8488624
903648,22,35.0,149.5,8.5,278455108.53,0.0,2,-1.72,33.78,27.06,0.03,9392251
21,22,38.0,152.5,8.5,285153954.7,0.0,2,-1.72,33.8,27.08,0.03,10311625
938283,22,42.0,148.5,8.5,276253627.46,0.0,2,-1.67,33.7,27.0,0.05,11249887
21,22,43.0,149.5,8.5,278455108.53,0.0,2,-1.66,33.72,27.01,0.05,12213184
987805,22,46.0,150.5,8.5,280672260.58,0.0,2,-1.64,33.68,26.98,0.06,13200968
21,22,50.0,151.5,8.5,282905165.93,0.0,2,-1.64,33.62,26.93,0.05,14211403
1027873,22,53.0,152.5,8.5,285153954.7,0.0,2,-1.63,33.66,26.96,0.05,15239255
21,22,55.0,154.5,8.5,289699420.58,0.0,2,-1.67,33.7,27.0,0.05,16252833
944721,22,60.0,153.5,8.5,287418662.58,0.0,2,-1.64,33.62,26.93,0.06,17197533
21,22,62.0,152.5,8.5,285153954.7,0.0,2,-1.61,33.58,26.89,0.06,18094026
917853,22,64.0,152.5,8.5,285153954.7,0.0,2,-1.67,33.6,26.91,0.05,19011858
21,22,68.0,150.5,8.5,280672260.58,0.0,2,-1.7,33.58,26.9,0.05,19992388
1018950,22,72.0,151.5,8.5,282905165.93,0.0,2,-1.7,33.58,26.9,0.05,21011317
21,22,73.0,155.5,8.5,291996216.39,0.0,2,-1.71,33.53,26.86,0.05,22041641
1033890,22,77.0,155.5,8.5,291996216.39,0.0,2,-1.75,33.56,26.88,0.03,23075510
21,22,80.0,155.5,8.5,291996216.39,0.0,2,-1.74,33.62,26.93,0.03,24103287
1017105,22,84.0,152.5,8.5,285153954.7,0.0,2,-1.59,33.11,26.51,0.06,25120371
21,22,85.0,152.5,8.5,285153954.7,0.0,2,-1.46,32.95,26.39,0.06,26123371
994559,22,89.0,161.5,8.5,306119537.25,0.0,2,-1.78,33.62,26.94,0.01,27117909
21,22,92.0,163.5,8.5,310959600.96,0.0,2,-1.79,33.6,26.92,0.01,28099042
977804,22,94.0,165.5,8.5,315866950.92,0.0,2,-1.79,33.6,26.92,0.01,29076825
21,22,99.0,166.5,8.5,318346009.67,0.0,2,-1.77,33.51,26.84,0.01,30072355
1008491,22,102.0,168.5,8.5,323355272.3,0.0,2,-1.76,33.48,26.82,0.01,31080825
21,22,103.0,171.5,8.5,330998318.35,0.0,2,-1.73,33.4,26.75,0.02,32059445
973512,22,107.0,173.5,8.5,336180620.33,0.0,2,-1.68,33.35,26.72,0.03,33032936
21,22,111.0,158.5,9.5,340877625.28,0.0,2,-1.21,33.47,26.8,0.01,34019598
1003934,22,114.0,172.5,8.5,333580735.07,0.0,2,-1.72,33.47,26.81,0.02,35023511
21,22,117.0,170.5,8.5,328433335.05,0.0,2,-1.76,33.61,26.93,0.01,36049460
1059416,22,119.0,166.5,8.5,318346009.67,0.0,2,-1.69,33.54,26.86,0.01,37108855
21,22,123.0,167.5,8.5,320842071.42,0.0,2,-1.74,33.65,26.95,0.01,38210043
1131171,22,126.0,156.5,9.5,335547822.74,0.0,2,-1.6,33.56,26.88,0.02,39341193
21,22,129.0,159.5,9.5,343570617.96,0.0,2,-1.71,33.68,26.98,0.01,40487216
1146508,22,132.0,160.5,9.5,346282318.2,0.0,2,-1.72,33.71,27.0,0.01,41633703
21,22,133.0,164.5,9.5,357319131.48,0.0,2,-1.72,33.71,27.0,0.02,42782850
1169953,22,137.0,167.5,9.5,365798444.82,0.0,2,-1.67,33.73,27.02,0.01,43952782
21,22,140.0,163.5,9.5,354531243.15,0.0,2,-1.74,33.74,27.03,0.01,45123882
1169213,22,142.0,147.5,9.5,312470144.45,0.0,2,-1.32,33.48,26.81,0.01,46293074
21,22,146.0,140.5,9.5,295515722.55,0.0,2,-0.97,33.37,26.71,0.02,47457349
1150478,22,150.0,144.5,9.5,305099576.74,0.0,2,-1.01,32.92,26.35,0.01,48607806
21,22,153.0,148.5,9.5,314962270.55,0.0,2,-1.69,33.58,26.9,0.01,49728445
1084509,22,154.0,159.5,9.5,343570617.96,0.0,2,-1.69,33.7,27.0,0.01,50812933
21,22,159.0,155.5,9.5,332910710.17,0.0,2,-1.72,33.66,26.97,0.02,51857450
992962,22,162.0,154.5,9.5,330292087.46,0.0,2,-1.68,33.6,26.92,0.02,52850391
21,22,165.0,153.5,9.5,327691749.78,0.0,2,-1.72,33.7,27.0,0.02,53804320
885116,22,167.0,148.5,9.5,314962270.55,0.0,2,-1.63,33.63,26.94,0.02,54689415
1665591,22,171.0,147.5,9.5,312470144.45,0.0,2,-1.53,33.45,26.79,0.02,55469890
21,22,173.0,166.5,8.5,318346009.67,0.0,2,-1.7,33.62,26.93,0.01,56220600
743537,22,176.0,166.5,8.5,318346009.67,0.0,2,-1.7,33.56,26.88,0.02,56964116
1486807,22,179.0,170.5,8.5,328433335.05,0.0,2,-1.56,33.63,26.93,0.01,57707386
21,22,181.0,152.5,9.5,325109711.16,0.0,2,-1.71,33.73,27.02,0.02,58456482
758718,22,185.0,155.5,9.5,332910710.17,0.0,2,-1.7,33.75,27.03,0.01,59215179
1533506,22,188.0,157.5,9.5,338203410.85,0.0,2,-1.66,33.74,27.03,0.01,59989967
21,22,190.0,154.5,9.5,330292087.46,0.0,2,-1.7,33.73,27.02,0.02,60781774
811758,22,193.0,151.5,9.5,322545822.22,0.0,2,-1.61,33.7,26.99,0.01,61593511
1633687,22,198.0,152.5,9.5,325109711.16,0.0,2,-1.61,33.71,27.0,0.02,62415440
21,22,201.0,151.5,9.5,322545822.22,0.0,2,-1.75,33.69,26.99,0.02,63235011
824547,22,202.0,154.5,9.5,330292087.46,0.0,2,-1.7,33.68,26.98,0.02,64059537
1655317,22,207.0,155.5,9.5,332910710.17,0.0,2,-1.65,33.69,26.99,0.02,64890307
21,22,208.0,155.5,9.5,332910710.17,0.0,2,-1.63,33.69,26.98,0.02,65725211
843427,22,212.0,156.5,9.5,335547822.74,0.0,2,-1.52,33.64,26.94,0.02,66568617
1698638,22,214.0,151.5,10.5,369292083.71,0.0,2,-1.54,33.7,26.99,0.02,67423828
21,22,218.0,140.5,10.5,338344537.21,0.0,2,-0.21,33.51,26.79,0.02,68287508
860756,22,221.0,137.5,10.5,330320320.22,0.0,2,-0.09,33.49,26.77,0.01,69148243
1723815,22,223.0,134.5,10.5,322468993.14,0.0,2,-0.11,33.56,26.82,0.01,70011302
21,22,228.0,157.5,9.5,338203410.85,0.0,2,-1.74,33.64,26.95,0.02,70875652
857086,22,230.0,156.5,9.5,335547822.74,0.0,2,-1.77,33.66,26.96,0.02,71732717
1696845,22,232.0,154.5,9.5,330292087.46,0.0,2,-1.77,33.69,26.99,0.01,72572476
21,22,237.0,148.5,9.5,314962270.55,0.0,2,-1.45,33.47,26.81,0.05,73395815
806423,22,240.0,170.5,8.5,328433335.05,0.0,2,-1.51,33.38,26.73,0.01,74202217
1598152,22,241.0,143.5,9.5,302677716.26,0.0,2,-0.84,33.3,26.65,0.01,74993946
21,22,245.0,156.5,9.5,335547822.74,0.0,2,-1.81,33.78,27.06,0.02,75773123
767347,22,247.0,170.5,9.5,374453395.9,0.0,2,-1.07,33.51,26.83,0.02,76540449
1523967,22,252.0,151.5,9.5,322545822.22,0.0,2,-1.81,33.72,27.01,0.02,77297069
21,22,255.0,170.5,8.5,328433335.05,0.0,2,-1.8,33.41,26.77,0.01,78033632
715575,22,258.0,156.5,8.5,294309229.66,0.0,2,-1.79,33.69,26.99,0.01,78749186
1417353,22,260.0,155.5,8.5,291996216.39,0.0,2,-1.76,33.69,26.99,0.02,79450964
21,22,264.0,153.5,8.5,287418662.58,0.0,2,-1.67,33.68,26.98,0.03,80131606
648658,22,266.0,152.5,8.5,285153954.7,0.0,2,-1.67,33.69,26.99,0.03,80780243
1281157,22,268.0,152.5,8.5,285153954.7,0.0,2,-1.67,33.72,27.01,0.03,81412742
1909705,22,273.0,150.5,8.5,280672260.58,0.0,2,-1.71,33.77,27.06,0.02,82041290
21,22,275.0,148.5,8.5,276253627.46,0.0,2,-1.74,33.82,27.1,0.02,82663713
606527,22,278.0,146.5,8.5,271897443.1,0.0,2,-1.78,33.85,27.12,0.02,83270219
1192516,22,282.0,146.5,8.5,271897443.1,0.0,2,-1.79,33.88,27.14,0.02,83856208
1750853,22,283.0,147.5,8.5,274067781.92,0.0,2,-1.79,33.86,27.12,0.02,84414545
21,22,288.0,143.5,8.5,265478836.32,0.0,2,-1.8,33.91,27.17,0.02,84938874
459044,22,290.0,145.5,8.5,269742575.71,0.0,2,-1.8,33.92,27.17,0.02,85397897
872200,22,294.0,143.5,8.5,265478836.32,0.0,2,-1.8,33.94,27.19,0.02,85811053
1261932,22,297.0,134.5,8.5,247035200.69,0.0,2,-1.8,34.0,27.24,0.01,86200785
1645197,22,300.0,131.5,8.5,241150773.61,0.0,2,-1.77,34.0,27.24,0.02,86584050
2036833,22,303.0,133.5,8.5,245059335.18,0.0,2,-1.77,34.01,27.25,0.03,86975686
21,22,306.0,129.5,8.5,237299048.21,0.0,2,-1.8,34.02,27.25,0.01,87388788
469408,22,307.0,127.5,8.5,233503628.69,0.0,2,-1.78,34.0,27.24,0.01,87858175
1011259,22,311.0,126.5,8.5,231626841.51,0.0,2,-1.77,34.0,27.24,0.01,88400026
1605723,22,313.0,126.5,8.5,231626841.51,0.0,2,-1.77,34.0,27.24,0.01,88994490
21,22,316.0,126.5,8.5,231626841.51,0.0,2,-1.76,33.99,27.23,0.01,89702889
791678,22,320.0,126.5,8.5,231626841.51,0.0,2,-1.74,34.03,27.26,0.01,90494546
1630277,22,323.0,127.5,8.5,233503628.69,0.0,2,-1.75,34.02,27.26,0.01,91333145
21,22,327.0,128.5,8.5,235394381.9,0.0,2,-1.79,34.04,27.27,0.01,92220041
1045686,22,329.0,133.5,8.5,245059335.18,0.0,2,-1.79,34.02,27.25,0.01,93265706
21,22,331.0,127.5,8.5,233503628.69,0.0,2,-1.78,34.02,27.26,0.01,94426224
1149432,22,335.0,120.5,8.5,220653400.75,0.0,2,-1.79,33.72,27.02,0.01,95575635
21,22,337.0,120.5,8.5,220653400.75,0.0,2,-1.78,33.89,27.15,0.01,96714462
1094111,22,340.0,120.5,8.5,220653400.75,0.0,2,-1.8,33.99,27.23,0.01,97808552
21,22,345.0,161.5,8.5,306119537.25,0.0,2,-1.81,33.68,26.98,0.01,98853701
1041140,22,348.0,162.5,8.5,308531188.68,0.0,2,-1.8,33.59,26.91,0.01,99894820
21,22,350.0,159.5,8.5,301346028.95,0.0,2,-1.8,33.72,27.01,0.01,100900243
946335,22,354.0,155.5,8.5,291996216.39,0.0,2,-1.82,33.81,27.09,0.01,101846557
21,22,355.0,155.5,8.5,291996216.39,0.0,2,-1.82,33.81,27.09,0.01,102763670
880111,22,358.0,142.5,8.5,263369802.14,0.0,2,-1.79,33.77,27.06,0.02,103643760
1730272,22,362.0,100.5,8.5,187447925.76,0.0,2,-1.66,33.66,26.96,0.02,104493921
21,22,366.0,13.5,8.5,90608633.17,0.0,2,-0.41,33.7,26.95,0.02,105320066
837076,22,369.0,29.5,8.5,103740438.46,0.0,2,-1.89,32.71,26.2,0.01,106157121
1685449,22,370.0,29.5,8.5,103740438.46,0.0,2,-1.88,32.89,26.35,0.01,107005494
21,22,374.0,29.5,8.5,103740438.46,0.0,2,-0.95,33.82,27.07,0.02,107819996
719566,22,377.0,34.5,8.5,108208648.63,0.0,2,-1.32,33.88,27.13,0.02,108539541
1274883,22,381.0,42.5,8.5,115745935.01,0.0,2,-1.76,33.85,27.12,0.02,109094858
1747715,22,383.0,44.5,8.5,117707729.16,0.0,2,-1.73,33.91,27.17,0.01,109567690
21,22,386.0,90.5,8.5,172650445.79,0.0,2,-1.43,33.54,26.86,0.04,110098791
584306,22,388.0,89.5,8.5,171232564.35,0.0,2,-1.66,33.74,27.03,0.04,110683076
1192111,22,391.0,89.5,8.5,171232564.35,0.0,2,-1.73,33.92,27.18,0.02,111290881
1822275,22,396.0,92.5,8.5,175519338.8,0.0,2,-1.75,33.99,27.23,0.01,111921045
21,22,398.0,163.5,8.5,310959600.96,0.0,2,-1.04,33.47,26.79,0.01,112555581
605929,22,402.0,385.75,8.5,635561113.65,0.0,2,22.42,35.96,24.7,0.02,113161489
1205310,22,403.0,385.75,8.5,635561113.65,0.0,2,22.39,35.97,24.71,0.03,113760870
1847470,22,407.0,384.75,8.5,633023983.1,0.0,2,22.68,35.86,24.55,0.02,114403030
21,22,410.0,376.75,8.5,612432096.53,0.0,2,21.59,35.98,24.94,0.02,115122769
784132,22,414.0,392.75,8.5,653052462.59,0.0,2,22.89,35.71,24.37,0.01,115906880
1612759,22,416.0,384.75,8.5,633023983.1,0.0,2,22.74,35.8,24.48,0.01,116735507
21,22,419.0,393.75,8.5,655509688.11,0.0,2,22.84,35.71,24.39,0.01,117610510
903414,22,423.0,49.5,9.5,139952981.25,0.0,2,-1.72,33.99,27.23,0.01,118513903
21,22,424.0,388.25,8.5,643117117.06,0.0,2,22.86,35.67,24.35,0.01,119413762
879494,22,429.0,379.25,8.5,620211540.0,0.0,2,21.7,35.95,24.89,0.02,120293235
1741895,22,431.0,124.5,8.5,227914602.76,0.0,2,-1.55,33.57,26.89,0.01,121155636
21,22,433.0,123.5,8.5,226079000.18,0.0,2,-1.45,33.57,26.88,0.01,122013092
930268,22,438.0,368.25,8.5,591409942.77,0.0,2,20.52,35.89,25.17,0.02,122943339
21,22,440.0,37.5,8.5,110978026.35,0.0,2,-1.78,33.86,27.13,0.01,123987325
1099498,22,443.0,367.25,8.5,588758350.08,0.0,2,20.22,35.82,25.2,0.02,125086802
21,22,446.0,367.75,8.5,588758350.08,0.0,2,20.02,35.78,25.22,0.02,126257404
21,22,450.0,382.75,8.5,627923536.35,0.0,2,21.93,35.86,24.76,0.01,127550965
21,22,451.0,372.75,8.5,601966761.25,0.0,2,20.94,35.86,25.03,0.01,128910028
21,22,454.0,372.25,8.5,601966761.25,0.0,2,21.01,35.86,25.02,0.01,130273474
21,22,458.0,368.75,8.5,591409942.77,0.0,2,19.98,35.76,25.22,0.02,131650230
21,22,461.0,368.25,8.5,591409942.77,0.0,2,19.92,35.79,25.25,0.02,133041714
21,22,463.0,376.75,8.5,612432096.53,0.0,2,20.89,35.9,25.07,0.01,134427148
21,22,468.0,374.75,8.5,607211850.5,0.0,2,20.57,35.81,25.1,0.01,135809144
21,22,470.0,11.5,8.5,89085035.71,0.0,2,-1.73,33.53,26.86,0.02,137206719
21,22,472.0,5.5,9.5,96524847.86,0.0,2,-1.65,33.43,26.78,0.06,138615128
21,22,475.0,7.5,9.5,98178137.57,0.0,2,-1.72,33.52,26.85,0.04,140027277
21,22,479.0,6.5,9.5,97348076.77,0.0,2,-1.71,33.3,26.68,0.04,141434718
21,22,482.0,6.5,9.5,97348076.77,0.0,2,-1.75,33.51,26.84,0.02,142848141
21,22,486.0,21.5,9.5,110545575.14,0.0,2,-1.78,33.74,27.03,0.01,144284981
21,22,489.0,23.5,9.5,112431192.78,0.0,2,-1.77,33.82,27.09,0.01,145730156
21,22,490.0,23.5,9.5,112431192.78,0.0,2,-1.77,33.81,27.09,0.01,147174614
21,22,493.0,28.5,9.5,117282345.36,0.0,2,-1.77,33.84,27.11,0.01,148614377
21,22,497.0,2.5,10.5,107732752.87,0.0,2,-1.81,33.15,26.56,0.08,150055804
21,22,501.0,364.25,9.5,662156251.49,0.0,2,18.96,35.63,25.39,0.02,151499902
21,22,503.0,7.5,9.5,98178137.57,0.0,2,-1.77,33.53,26.86,0.01,152931671
21,22,506.0,11.5,9.5,101567626.02,0.0,2,-1.76,33.54,26.87,0.01,154343732
21,22,509.0,12.5,9.5,102432592.51,0.0,2,-1.76,33.57,26.89,0.01,155746686
21,22,513.0,9.5,9.5,99858909.61,0.0,2,-1.76,33.43,26.78,0.02,157152309
21,22,516.0,4.5,9.5,95708393.91,0.0,2,-1.74,33.44,26.79,0.03,158551428
21,22,519.0,358.75,8.5,564721363.77,0.0,2,17.82,35.26,25.39,0.01,159947947
21,22,522.0,356.25,8.5,559347817.07,0.0,2,17.49,35.16,25.39,0.01,161340859
21,22,524.0,357.25,8.5,562035674.48,0.0,2,17.6,35.19,25.39,0.01,162730866
21,22,526.0,356.75,8.5,559347817.07,0.0,2,17.5,35.14,25.38,0.01,164121380
21,22,530.0,356.75,8.5,559347817.07,0.0,2,17.64,35.25,25.42,0.01,165507348
21,22,533.0,358.25,8.5,564721363.77,0.0,2,17.74,35.28,25.42,0.01,166890176
21,22,536.0,32.5,9.5,121308218.15,0.0,2,-1.78,33.7,26.99,0.01,168268529
21,22,540.0,28.5,9.5,117282345.36,0.0,2,-1.78,33.7,27.0,0.01,169645734
21,22,541.0,33.5,9.5,122335343.11,0.0,2,-1.76,33.85,27.12,0.02,171020486
21,22,544.0,32.5,9.5,121308218.15,0.0,2,-1.78,33.73,27.02,0.01,172391751
21,22,547.0,16.5,9.5,105964471.95,0.0,2,-1.79,33.51,26.84,0.01,173755911
21,22,551.0,21.5,9.5,110545575.14,0.0,2,-1.79,33.44,26.79,0.02,175109067
21,22,555.0,24.5,9.5,113385639.5,0.0,2,-1.79,33.46,26.8,0.04,176464900
21,22,558.0,25.5,9.5,114347913.76,0.0,2,-1.79,33.4,26.75,0.03,177812399
21,22,559.0,362.75,8.5,575438060.66,0.0,2,18.35,35.29,25.28,0.01,179146278
21,22,563.0,394.75,8.5,657955696.76,0.0,2,22.73,35.7,24.41,0.01,180465926
21,22,565.0,392.75,8.5,653052462.59,0.0,2,22.45,35.67,24.47,0.01,181773653
21,22,570.0,368.75,8.5,591409942.77,0.0,2,19.13,35.55,25.28,0.02,183088204
21,22,572.0,370.75,8.5,596698805.87,0.0,2,19.76,35.66,25.2,0.01,184408395
21,22,575.0,359.75,8.5,567404633.75,0.0,2,17.99,35.15,25.27,0.02,185725182
21,22,579.0,357.75,8.5,562035674.48,0.0,2,17.82,35.09,25.26,0.01,187041694
21,22,581.0,357.25,8.5,562035674.48,0.0,2,17.77,35.07,25.26,0.02,188357943
21,22,583.0,135.5,8.5,249025531.04,0.0,2,-1.06,33.51,26.82,0.01,189676858
21,22,588.0,354.75,8.5,553966782.04,0.0,2,17.51,34.99,25.26,0.01,190997759
21,22,591.0,357.75,8.5,562035674.48,0.0,2,17.93,35.1,25.24,0.02,192312423
21,22,592.0,356.25,8.5,559347817.07,0.0,2,17.8,35.03,25.22,0.02,193621462
21,22,597.0,350.25,8.5,543188633.27,0.0,2,17.11,34.75,25.17,0.01,194929184
1301225,22,598.0,359.25,8.5,567404633.75,0.0,2,18.14,35.14,25.22,0.02,196230388
21,22,602.0,348.25,8.5,537795034.03,0.0,2,16.87,34.68,25.18,0.01,197533130
21,22,604.0,330.5,8.5,978817738.91,0.0,2,15.13,34.35,25.32,0.01,198840428
21,22,607.0,317.5,8.5,910082805.17,0.0,2,13.58,34.29,25.61,0.01,200147314
21,22,610.0,51.5,8.5,124828429.82,0.0,2,-1.76,33.5,26.83,0.01,201450168
1302970,22,613.0,360.75,8.5,570085326.69,0.0,2,18.79,35.25,25.14,0.01,202753117
21,22,617.0,349.25,8.5,540492033.64,0.0,2,17.11,34.59,25.06,0.01,204052124
1286646,22,619.0,66.5,8.5,141500400.27,0.0,2,-1.8,33.81,27.09,0.01,205338749
21,22,623.0,54.5,8.5,128004921.56,0.0,2,-1.72,33.45,26.8,0.01,206611001
1257510,22,625.0,54.5,8.5,128004921.56,0.0,2,-1.64,33.33,26.69,0.02,207868490
21,22,628.0,55.5,8.5,129080841.87,0.0,2,-1.69,33.4,26.75,0.01,209108905
1221328,22,631.0,103.5,8.5,192113358.52,0.0,2,-1.76,33.71,27.01,0.01,210330212
21,22,635.0,390.75,8.5,648105629.52,0.0,2,22.41,35.64,24.46,0.01,211545362
1211767,22,638.0,51.5,9.5,142319382.54,0.0,2,-1.69,32.68,26.17,0.03,212757108
21,22,641.0,60.5,9.5,153450278.7,0.0,2,-1.83,32.78,26.25,0.02,213954520
1184833,22,644.0,128.5,8.5,235394381.9,0.0,2,-1.63,33.52,26.85,0.02,215139332
21,22,647.0,59.5,9.5,152173603.72,0.0,2,-1.82,32.55,26.07,0.02,216309763
1161038,22,650.0,56.5,9.5,148404178.7,0.0,2,-1.8,32.41,25.95,0.01,217470780
21,22,654.0,53.5,9.5,144724085.14,0.0,2,-1.76,32.5,26.03,0.02,218627998
1153926,22,657.0,130.5,8.5,239217834.12,0.0,2,-1.56,33.55,26.87,0.01,219781903
21,22,659.0,55.5,9.5,147167642.34,0.0,2,-1.81,32.28,25.85,0.01,220926122
1133079,22,663.0,56.5,9.5,148404178.7,0.0,2,-1.81,32.6,26.11,0.02,222059180
21,22,666.0,53.5,9.5,144724085.14,0.0,2,-1.76,32.35,25.91,0.02,223176025
1102234,22,669.0,53.5,9.5,144724085.14,0.0,2,-1.78,32.34,25.9,0.02,224278238
21,22,671.0,53.5,9.5,144724085.14,0.0,2,-1.66,32.25,25.82,0.02,225372735
1089070,22,674.0,119.5,8.5,218871660.27,0.0,2,-1.74,33.56,26.89,0.01,226461784
21,22,677.0,119.5,8.5,218871660.27,0.0,2,-1.74,33.54,26.86,0.01,227539892
1065160,22,680.0,118.5,8.5,217103199.44,0.0,2,-1.75,33.53,26.86,0.02,228605031
21,22,682.0,117.5,8.5,215347903.1,0.0,2,-1.75,33.52,26.86,0.02,229658640
1043852,22,686.0,58.5,8.5,132360706.36,0.0,2,-1.73,33.47,26.81,0.01,230702471
21,22,689.0,58.5,8.5,132360706.36,0.0,2,-1.72,33.38,26.74,0.01,231733869
1016906,22,692.0,59.5,8.5,133471574.1,0.0,2,-1.7,33.35,26.71,0.02,232750754
21,22,694.0,59.5,8.5,133471574.1,0.0,2,-1.69,33.27,26.65,0.02,233749978
981209,22,697.0,57.5,8.5,131258674.17,0.0,2,-1.68,33.05,26.47,0.03,234731166
21,22,701.0,57.5,8.5,131258674.17,0.0,2,-1.65,32.75,26.22,0.06,235696776
958058,22,703.0,57.5,8.5,131258674.17,0.0,2,-1.7,32.59,26.1,0.06,236654813
21,22,707.0,63.5,8.5,138004676.59,0.0,2,-1.75,33.3,26.67,0.04,237621187
986793,22,711.0,115.5,8.5,211876511.72,0.0,2,-1.78,33.52,26.86,0.01,238607959
21,22,714.0,119.5,8.5,218871660.27,0.0,2,-1.5,33.45,26.79,0.02,239618168
1033262,22,716.0,118.5,8.5,217103199.44,0.0,2,-1.57,33.42,26.76,0.02,240651409
21,22,719.0,63.5,8.5,138004676.59,0.0,2,-1.78,33.29,26.66,0.03,241709363
1070472,22,722.0,59.5,8.5,133471574.1,0.0,2,-1.73,33.06,26.48,0.08,242779814
21,22,724.0,53.5,8.5,126937596.15,0.0,2,-1.8,33.18,26.58,0.01,243863078
1093389,22,727.0,68.5,8.5,143877551.64,0.0,2,-1.69,33.26,26.64,0.04,244956446
21,22,730.0,68.5,8.5,143877551.64,0.0,2,-1.72,32.51,26.03,0.03,246058145
1116310,22,734.0,85.5,8.5,165669905.81,0.0,2,-1.79,33.52,26.85,0.01,247174434
21,22,738.0,49.5,9.5,139952981.25,0.0,2,-1.13,31.36,25.09,0.01,248301387
1130945,22,741.0,79.5,9.5,179733573.41,0.0,2,-1.76,32.8,26.27,0.02,249432311
21,22,742.0,91.5,9.5,198471324.05,0.0,2,-1.79,33.56,26.89,0.01,250563403
1138445,22,747.0,80.5,9.5,181228901.24,0.0,2,-1.78,32.56,26.07,0.01,251701827
21,22,748.0,81.5,9.5,182736031.89,0.0,2,-1.76,32.91,26.36,0.03,252850911
1160779,22,752.0,80.5,9.5,181228901.24,0.0,2,-1.77,32.45,25.99,0.02,254011669
21,22,754.0,81.5,9.5,182736031.89,0.0,2,-1.77,32.47,26.0,0.02,255176415
1163972,22,757.0,79.5,9.5,179733573.41,0.0,2,-1.77,32.2,25.78,0.01,256340366
21,22,760.0,80.5,9.5,181228901.24,0.0,2,-1.74,32.79,26.26,0.02,257493208
1148503,22,765.0,82.5,9.5,184254953.27,0.0,2,-1.78,33.59,26.91,0.01,258641690
21,22,766.0,78.5,9.5,178249858.72,0.0,2,-1.75,32.56,26.07,0.01,259795957
1155420,22,771.0,122.5,8.5,224257017.39,0.0,2,-1.18,33.58,26.89,0.02,260951356
21,22,772.0,124.5,8.5,227914602.76,0.0,2,-0.99,33.65,26.93,0.02,262106361
1155794,22,775.0,125.5,8.5,229763858.07,0.0,2,-0.87,33.69,26.96,0.03,263262134
21,22,780.0,125.5,8.5,229763858.07,0.0,2,-1.32,33.53,26.85,0.04,264412144
1152391,22,781.0,118.5,8.5,217103199.44,0.0,2,-1.81,33.48,26.82,0.01,265564514
21,22,786.0,355.75,8.5,556658135.07,0.0,2,17.66,34.28,24.69,0.01,266712645
1129313,22,787.0,354.75,8.5,553966782.04,0.0,2,17.58,34.26,24.69,0.01,267841937
21,22,792.0,352.25,8.5,548579766.75,0.0,2,17.56,34.25,24.69,0.01,268970005
1144645,22,794.0,350.25,8.5,543188633.27,0.0,2,17.33,34.22,24.72,0.01,270114629
21,22,796.0,350.25,8.5,543188633.27,0.0,2,17.29,34.22,24.73,0.01,271264719
1147912,22,799.0,351.25,8.5,545884593.56,0.0,2,17.47,34.28,24.73,0.01,272412610
21,22,802.0,98.5,8.5,184396641.74,0.0,2,-1.75,33.49,26.83,0.02,273564129
1158758,22,807.0,82.5,8.5,161610148.19,0.0,2,-1.75,33.62,26.93,0.02,274722866
21,22,810.0,76.5,8.5,153770836.79,0.0,2,-1.74,33.36,26.72,0.03,275882324
1158390,22,812.0,69.5,8.5,145080284.6,0.0,2,-1.75,33.24,26.63,0.03,277040693
21,22,815.0,65.5,8.5,140325903.99,0.0,2,-1.73,33.32,26.69,0.02,278190742
1142620,22,819.0,63.5,8.5,138004676.59,0.0,2,-1.64,33.27,26.65,0.02,279333341
21,22,820.0,63.5,8.5,138004676.59,0.0,2,-1.64,33.21,26.6,0.03,280462779
1124455,22,823.0,68.5,8.5,143877551.64,0.0,2,-1.67,33.21,26.6,0.03,281587213
21,22,828.0,72.5,8.5,148746161.99,0.0,2,-1.77,32.55,26.07,0.04,282722843
1135434,22,829.0,77.5,8.5,155051905.18,0.0,2,-1.74,32.93,26.38,0.02,283858256
21,22,833.0,82.5,8.5,161610148.19,0.0,2,-1.68,32.86,26.31,0.04,284992704
1122862,22,836.0,80.5,8.5,158955995.84,0.0,2,-1.67,32.86,26.32,0.09,286115545
21,22,839.0,80.5,8.5,158955995.84,0.0,2,-1.63,32.57,26.08,0.13,287229887
1104659,22,841.0,79.5,8.5,157644442.76,0.0,2,-1.61,32.34,25.9,0.12,288334525
21,22,844.0,95.5,8.5,179906691.6,0.0,2,-1.7,32.06,25.67,0.02,289404337
966520,22,849.0,104.5,9.5,220832584.76,0.0,2,-1.74,31.67,25.36,0.01,290370836
1803592,22,851.0,284.5,8.5,744673415.61,0.0,2,11.5,31.47,23.84,0.01,291207908
21,22,853.0,146.5,8.5,271897443.1,0.0,2,-0.88,33.41,26.74,0.04,291928512
614345,22,856.0,149.5,8.5,278455108.53,0.0,2,-1.1,33.31,26.67,0.03,292542836
1183081,22,859.0,363.25,8.5,578109685.77,0.0,2,16.19,34.1,24.9,0.02,293111572
1655380,22,863.0,394.75,8.5,657955696.76,0.0,2,19.12,34.51,24.5,0.01,293583871
1969593,22,866.0,394.75,8.5,657955696.76,0.0,2,17.92,34.39,24.71,0.01,293898084
2159550,22,869.0,128.5,8.5,235394381.9,0.0,2,-1.7,31.3,25.06,0.01,294088041
2328393,22,873.0,131.5,8.5,241150773.61,0.0,2,-1.7,31.23,25.0,0.01,294256884
21,22,876.0,143.5,8.5,265478836.32,0.0,2,-1.72,32.91,26.36,0.01,294411903
141014,22,879.0,150.5,8.5,280672260.58,0.0,2,-1.7,32.82,26.28,0.01,294552896
272381,22,880.0,153.5,8.5,287418662.58,0.0,2,-1.73,32.92,26.37,0.01,294684263
397296,22,883.0,143.5,9.5,302677716.26,0.0,2,-1.72,31.79,25.45,0.01,294809178
525291,22,886.0,142.5,9.5,300273164.33,0.0,2,-1.75,31.33,25.08,0.01,294937173
665139,22,891.0,312.5,8.5,884078526.82,0.0,2,15.15,34.08,25.12,0.01,295077021
812963,22,892.0,172.5,8.5,333580735.07,0.0,2,-0.54,33.26,26.6,0.01,295224845
967687,22,895.0,172.5,8.5,333580735.07,0.0,2,-0.95,33.14,26.52,0.07,295379569
1126349,22,900.0,173.5,8.5,336180620.33,0.0,2,-0.07,33.33,26.64,0.07,295538231
1284370,22,901.0,175.5,8.5,341433194.36,0.0,2,-1.07,33.1,26.49,0.05,295696252
1439808,22,906.0,35.5,9.5,124414788.94,0.0,2,-1.81,33.35,26.71,0.02,295851690
1590798,22,909.0,93.5,8.5,176970515.78,0.0,2,-1.81,33.39,26.74,0.03,296002680
1745037,22,910.0,36.5,8.5,110047409.03,0.0,2,-1.8,33.99,27.23,0.01,296156919
1922600,22,913.0,68.5,8.5,143877551.64,0.0,2,-1.83,33.98,27.23,0.02,296334482
2137391,22,916.0,146.5,8.5,271897443.1,0.0,2,-1.8,33.94,27.19,0.02,296549273
21,22,919.0,30.5,8.5,104619600.5,0.0,2,-1.82,34.0,27.24,0.01,296807933
305107,22,924.0,27.5,8.5,102003479.88,0.0,2,-1.79,33.9,27.16,0.01,297113019
671279,22,927.0,25.5,8.5,100294635.02,0.0,2,-1.75,33.91,27.17,0.02,297479191
1106081,22,929.0,24.5,8.5,99450623.59,0.0,2,-1.77,33.7,27.0,0.02,297913993
1614068,22,933.0,22.5,8.5,97783155.43,0.0,2,-1.78,33.78,27.06,0.03,298421980
21,22,936.0,18.5,8.5,94529009.8,0.0,2,-1.69,33.65,26.96,0.03,299005728
672059,22,938.0,15.5,8.5,92157487.5,0.0,2,-1.74,33.71,27.01,0.04,299677766
1415669,22,942.0,12.5,8.5,89843698.43,0.0,2,-1.67,33.76,27.04,0.04,300421376
21,22,944.0,11.5,8.5,89085035.71,0.0,2,-1.61,33.62,26.93,0.05,301215359
842927,22,947.0,10.5,8.5,88332593.18,0.0,2,-1.6,33.59,26.91,0.05,302058265
21,22,949.0,10.5,8.5,88332593.18,0.0,2,-1.64,33.71,27.0,0.04,302941912
929172,22,952.0,11.5,8.5,89085035.71,0.0,2,-1.61,33.73,27.02,0.03,303871063
21,22,956.0,13.5,8.5,90608633.17,0.0,2,-1.61,33.68,26.98,0.04,304852917
1010901,22,960.0,9.5,8.5,87586319.36,0.0,2,-1.71,33.91,27.17,0.03,305863797
21,22,963.0,11.5,8.5,89085035.71,0.0,2,-1.74,33.9,27.15,0.02,306881558
1039158,22,964.0,12.5,8.5,89843698.43,0.0,2,-1.78,33.85,27.12,0.01,307920695
21,22,968.0,13.5,8.5,90608633.17,0.0,2,-1.77,33.88,27.15,0.02,309001696
1105884,22,970.0,13.5,8.5,90608633.17,0.0,2,-1.76,33.85,27.12,0.02,310107559
21,22,973.0,16.5,8.5,92941512.35,0.0,2,-1.78,33.81,27.09,0.01,311228760
1140830,22,978.0,18.5,8.5,94529009.8,0.0,2,-1.8,33.84,27.11,0.01,312369569
21,22,979.0,18.5,8.5,94529009.8,0.0,2,-1.81,33.83,27.1,0.01,313520444
1159346,22,983.0,12.5,8.5,89843698.43,0.0,2,-1.73,33.72,27.02,0.02,314679769
21,22,986.0,15.5,8.5,92157487.5,0.0,2,-1.81,33.72,27.01,0.01,315861366
1204786,22,990.0,16.5,8.5,92941512.35,0.0,2,-1.76,33.75,27.04,0.02,317066131
21,22,992.0,19.5,8.5,95332576.12,0.0,2,-1.76,33.8,27.08,0.02,318291121
1252228,22,996.0,22.5,8.5,97783155.43,0.0,2,-1.83,33.71,27.01,0.01,319543328
21,22,997.0,18.5,8.5,94529009.8,0.0,2,-1.81,33.71,27.01,0.01,320814367
1264958,22,1000.0,21.5,8.5,96959601.16,0.0,2,-1.78,33.73,27.02,0.02,322079304
21,22,1003.0,11.5,8.5,89085035.71,0.0,2,-1.81,33.72,27.01,0.01,323311816
1206865,22,1006.0,30.5,8.5,104619600.5,0.0,2,-1.81,33.68,26.98,0.02,324518660
21,22,1011.0,40.5,8.5,113815584.97,0.0,2,-1.74,33.73,27.02,0.02,325724573
1212841,22,1013.0,37.5,8.5,110978026.35,0.0,2,-1.77,33.7,27.0,0.02,326937393
21,22,1016.0,34.5,8.5,108208648.63,0.0,2,-1.78,33.72,27.01,0.02,328152276
1227402,22,1019.0,10.5,8.5,88332593.18,0.0,2,-1.79,33.74,27.03,0.01,329379657
21,22,1022.0,11.5,8.5,89085035.71,0.0,2,-1.76,33.74,27.03,0.01,330619795
1253418,22,1024.0,11.5,8.5,89085035.71,0.0,2,-1.76,33.71,27.0,0.01,331873192
21,22,1027.0,14.5,8.5,91379878.71,0.0,2,-1.74,33.7,27.0,0.01,333129821
1242940,22,1031.0,18.5,8.5,94529009.8,0.0,2,-1.73,33.65,26.95,0.02,334372740
21,22,1034.0,20.5,8.5,96142745.86,0.0,2,-1.67,33.51,26.84,0.03,335614486
1259466,22,1038.0,20.5,8.5,96142745.86,0.0,2,-1.7,32.9,26.35,0.05,336873931
21,22,1039.0,31.5,8.5,105505942.52,0.0,2,-1.77,33.65,26.96,0.01,338161363
1289889,22,1042.0,30.5,8.5,104619600.5,0.0,2,-1.73,33.61,26.92,0.01,339451231
21,22,1047.0,30.5,8.5,104619600.5,0.0,2,-1.79,33.04,26.47,0.02,340735765
1298806,22,1048.0,47.5,8.5,120710399.95,0.0,2,-1.77,33.71,27.01,0.01,342034550
21,22,1053.0,52.5,8.5,125878782.54,0.0,2,-1.77,33.69,26.99,0.01,343339042
21,22,1056.0,51.5,8.5,124828429.82,0.0,2,-1.75,33.64,26.95,0.02,344653680
1300707,22,1057.0,52.5,8.5,125878782.54,0.0,2,-1.77,33.66,26.97,0.02,345954366
21,22,1061.0,59.5,8.5,133471574.1,0.0,2,-1.76,33.5,26.83,0.03,347229389
1262764,22,1065.0,61.5,8.5,135720077.23,0.0,2,-1.72,33.52,26.85,0.03,348492132
21,22,1066.0,64.5,8.5,139160669.98,0.0,2,-1.76,33.67,26.97,0.02,349742163
1229103,22,1069.0,71.5,8.5,147514549.85,0.0,2,-1.79,33.91,27.16,0.02,350971245
21,22,1072.0,78.5,8.5,156343075.57,0.0,2,-1.77,33.81,27.09,0.01,352173403
1174814,22,1075.0,73.5,8.5,149987514.73,0.0,2,-1.79,33.79,27.07,0.01,353348196
21,22,1079.0,75.5,8.5,152499811.2,0.0,2,-1.78,33.66,26.96,0.02,354491877
1109391,22,1081.0,77.5,8.5,155051905.18,0.0,2,-1.78,33.68,26.99,0.02,355601247
21,22,1084.0,79.5,8.5,157644442.76,0.0,2,-1.77,33.52,26.85,0.02,356678528
1060105,22,1087.0,82.5,8.5,161610148.19,0.0,2,-1.78,33.6,26.92,0.01,357738612
21,22,1092.0,88.5,8.5,169825665.84,0.0,2,-1.8,33.67,26.98,0.01,358786686
1036705,22,1094.0,88.5,8.5,169825665.84,0.0,2,-1.8,33.46,26.81,0.02,359823370
21,22,1098.0,131.5,8.5,241150773.61,0.0,2,-1.8,33.82,27.09,0.02,360844379
1027840,22,1100.0,137.5,8.5,253049900.4,0.0,2,-1.78,33.81,27.08,0.03,361872198
21,22,1102.0,143.5,8.5,265478836.32,0.0,2,-1.68,33.72,27.01,0.03,362921483
1071211,22,1105.0,140.5,8.5,259197046.63,0.0,2,-1.76,33.75,27.04,0.03,363992673
21,22,1109.0,146.5,8.5,271897443.1,0.0,2,-1.71,33.75,27.04,0.02,365062840
1067280,22,1113.0,145.5,8.5,269742575.71,0.0,2,-1.7,33.77,27.06,0.02,366130099
21,22,1116.0,110.5,8.5,203423164.7,0.0,2,-1.81,34.03,27.26,0.01,367215381
1090243,22,1118.0,110.5,8.5,203423164.7,0.0,2,-1.8,33.98,27.22,0.01,368305603
21,22,1120.0,105.5,8.5,195283559.4,0.0,2,-1.8,33.9,27.16,0.01,369395067
1094309,22,1123.0,107.5,8.5,198502393.27,0.0,2,-1.79,33.92,27.18,0.02,370489355
21,22,1126.0,110.5,8.5,203423164.7,0.0,2,-1.79,34.04,27.27,0.01,371587161
1094724,22,1130.0,147.5,8.5,274067781.92,0.0,2,-1.77,33.79,27.07,0.02,372681864
21,22,1132.0,149.5,8.5,278455108.53,0.0,2,-1.76,33.79,27.07,0.02,373787616
1121084,22,1136.0,151.5,8.5,282905165.93,0.0,2,-1.69,33.81,27.08,0.01,374908679
21,22,1140.0,153.5,8.5,287418662.58,0.0,2,-1.68,33.79,27.06,0.01,376045795
1152283,22,1143.0,149.5,8.5,278455108.53,0.0,2,-1.79,33.81,27.08,0.02,377198057
21,22,1144.0,150.5,8.5,280672260.58,0.0,2,-1.79,33.78,27.07,0.01,378347438
1145888,22,1147.0,353.25,8.5,551273910.81,0.0,2,17.7,35.27,25.43,0.01,379493305
21,22,1152.0,371.75,8.5,599335445.87,0.0,2,20.55,35.8,25.1,0.01,380632685
1152547,22,1153.0,373.25,8.5,604592287.28,0.0,2,20.26,35.77,25.15,0.02,381785211
21,22,1158.0,130.5,8.5,239217834.12,0.0,2,-1.76,33.94,27.19,0.02,382954263
1150059,22,1161.0,134.5,8.5,247035200.69,0.0,2,-1.67,33.89,27.15,0.02,384104301
21,22,1163.0,135.5,8.5,249025531.04,0.0,2,-1.7,33.89,27.15,0.02,385239815
1167750,22,1167.0,131.5,8.5,241150773.61,0.0,2,-1.75,33.87,27.14,0.02,386407544
21,22,1170.0,131.5,8.5,241150773.61,0.0,2,-1.72,33.89,27.15,0.03,387617504
1220612,22,1173.0,131.5,8.5,241150773.61,0.0,2,-1.75,33.92,27.17,0.03,388838095
21,22,1175.0,122.5,8.5,224257017.39,0.0,2,-1.76,34.02,27.26,0.02,390054911
1217443,22,1179.0,122.5,8.5,224257017.39,0.0,2,-1.76,34.02,27.25,0.02,391272333
21,22,1180.0,124.5,8.5,227914602.76,0.0,2,-1.77,34.01,27.24,0.02,392515117
1256897,22,1185.0,122.5,8.5,224257017.39,0.0,2,-1.78,33.97,27.22,0.02,393771993
21,22,1186.0,125.5,8.5,229763858.07,0.0,2,-1.77,33.99,27.24,0.02,395054113
1291805,22,1189.0,126.5,8.5,231626841.51,0.0,2,-1.77,34.01,27.25,0.02,396345897
21,22,1194.0,128.5,8.5,235394381.9,0.0,2,-1.76,34.06,27.28,0.01,397622697
1251901,22,1197.0,131.5,8.5,241150773.61,0.0,2,-1.77,34.06,27.29,0.02,398874577
21,22,1200.0,130.5,8.5,239217834.12,0.0,2,-1.78,34.08,27.31,0.02,400096637
1176018,22,1201.0,134.5,8.5,247035200.69,0.0,2,-1.75,34.03,27.26,0.02,401272634
21,22,1205.0,130.5,8.5,239217834.12,0.0,2,-1.77,34.09,27.31,0.02,402361238
1025714,22,1208.0,133.5,8.5,245059335.18,0.0,2,-1.73,34.07,27.29,0.02,403386931
21,22,1212.0,133.5,8.5,245059335.18,0.0,2,-1.66,34.01,27.24,0.02,404378980
974344,22,1215.0,123.5,8.5,226079000.18,0.0,2,-1.81,34.11,27.33,0.01,405353303
21,22,1216.0,124.5,8.5,227914602.76,0.0,2,-1.8,34.09,27.32,0.01,406299704
910041,22,1220.0,128.5,8.5,235394381.9,0.0,2,-1.7,34.03,27.26,0.02,407209724
21,22,1224.0,132.5,8.5,243097900.22,0.0,2,-1.58,33.85,27.12,0.02,408088119
865083,22,1226.0,133.5,8.5,245059335.18,0.0,2,-1.44,33.82,27.09,0.01,408953181
1705715,22,1229.0,136.5,8.5,251030404.71,0.0,2,-1.52,33.88,27.14,0.02,409793813
21,22,1232.0,135.5,8.5,249025531.04,0.0,2,-1.64,33.9,27.15,0.02,410608172
821921,22,1234.0,135.5,8.5,249025531.04,0.0,2,-1.65,33.88,27.14,0.02,411430072
1657647,22,1238.0,103.5,9.5,219032271.75,0.0,2,-1.81,33.37,26.73,0.04,412265798
21,22,1240.0,109.5,9.5,230042519.25,0.0,2,-1.78,34.01,27.25,0.01,413103528
853594,22,1245.0,127.5,9.5,266222144.3,0.0,2,-1.74,33.9,27.16,0.01,413957101
1710550,22,1246.0,129.5,9.5,270549377.79,0.0,2,-1.73,33.87,27.13,0.01,414814057
21,22,1251.0,103.5,9.5,219032271.75,0.0,2,-1.82,33.67,26.97,0.01,415670703
863241,22,1253.0,104.5,9.5,220832584.76,0.0,2,-1.81,33.72,27.02,0.01,416533923
21,22,1257.0,102.5,9.5,217245663.69,0.0,2,-1.81,33.09,26.51,0.01,417405219
884450,22,1259.0,104.5,9.5,220832584.76,0.0,2,-1.81,33.32,26.69,0.01,418289648
21,22,1261.0,105.5,9.5,222646681.01,0.0,2,-1.81,33.35,26.71,0.01,419204354
951646,22,1264.0,106.5,9.5,224474639.04,0.0,2,-1.81,33.26,26.64,0.01,420155979
21,22,1268.0,146.5,8.5,271897443.1,0.0,2,-1.27,33.68,26.97,0.02,421145861
1019191,22,1271.0,144.5,8.5,267603051.84,0.0,2,-1.58,33.74,27.03,0.02,422165031
21,22,1275.0,141.5,8.5,261275914.29,0.0,2,-1.67,33.6,26.92,0.03,423197111
1029555,22,1278.0,139.5,8.5,257133119.15,0.0,2,-1.78,33.7,27.0,0.02,424226645
21,22,1280.0,139.5,8.5,257133119.15,0.0,2,-1.8,33.78,27.06,0.01,425229005
982012,22,1283.0,128.5,8.5,235394381.9,0.0,2,-1.81,33.95,27.2,0.01,426210996
21,22,1285.0,128.5,8.5,235394381.9,0.0,2,-1.81,33.93,27.19,0.01,427199743
979433,22,1288.0,128.5,8.5,235394381.9,0.0,2,-1.83,33.95,27.2,0.01,428179155
21,22,1293.0,144.5,8.5,267603051.84,0.0,2,-1.78,33.94,27.19,0.02,429175114
1026231,22,1294.0,143.5,8.5,265478836.32,0.0,2,-1.79,33.96,27.21,0.02,430201324
21,22,1299.0,138.5,8.5,255084097.09,0.0,2,-1.82,33.94,27.2,0.02,431287840
1182815,22,1301.0,136.5,8.5,251030404.71,0.0,2,-1.8,33.93,27.18,0.01,432470634
21,22,1304.0,132.5,8.5,243097900.22,0.0,2,-1.8,34.01,27.25,0.01,433689875
1202053,22,1308.0,136.5,8.5,251030404.71,0.0,2,-1.78,33.98,27.22,0.02,434891907
21,22,1310.0,136.5,8.5,251030404.71,0.0,2,-1.78,33.99,27.23,0.01,436065255
1146619,22,1312.0,131.5,8.5,241150773.61,0.0,2,-1.81,33.95,27.2,0.02,437211853
21,22,1316.0,131.5,8.5,241150773.61,0.0,2,-1.77,33.95,27.2,0.02,438328793
1079704,22,1320.0,133.5,8.5,245059335.18,0.0,2,-1.72,33.95,27.2,0.01,439408476
21,22,1323.0,133.5,8.5,245059335.18,0.0,2,-1.69,33.91,27.16,0.01,440431479
914296,22,1324.0,135.5,8.5,249025531.04,0.0,2,-1.68,33.91,27.16,0.02,441345754
1729491,22,1327.0,134.5,8.5,247035200.69,0.0,2,-1.68,33.86,27.13,0.01,442160949
21,22,1332.0,135.5,8.5,249025531.04,0.0,2,-1.73,33.82,27.09,0.02,442937360
787162,22,1335.0,137.5,8.5,253049900.4,0.0,2,-1.75,33.83,27.1,0.02,443724501
1607655,22,1338.0,139.5,8.5,257133119.15,0.0,2,-1.76,33.73,27.02,0.02,444544994
21,22,1340.0,141.5,8.5,261275914.29,0.0,2,-1.77,33.81,27.09,0.02,445408819
926370,22,1342.0,143.5,8.5,265478836.32,0.0,2,-1.77,33.78,27.07,0.02,446335168
21,22,1346.0,143.5,8.5,265478836.32,0.0,2,-1.78,33.89,27.15,0.03,447342793
1046197,22,1348.0,148.5,8.5,276253627.46,0.0,2,-1.77,33.92,27.18,0.01,448388969
21,22,1353.0,150.5,8.5,280672260.58,0.0,2,-1.77,33.9,27.16,0.02,449462334
1079025,22,1354.0,152.5,8.5,285153954.7,0.0,2,-1.78,33.91,27.16,0.02,450541338
21,22,1358.0,152.5,8.5,285153954.7,0.0,2,-1.78,33.89,27.15,0.03,451643687
1129191,22,1361.0,152.5,8.5,285153954.7,0.0,2,-1.77,33.92,27.17,0.03,452772857
21,22,1363.0,153.5,8.5,287418662.58,0.0,2,-1.78,33.92,27.18,0.02,453905111
1147418,22,1366.0,155.5,8.5,291996216.39,0.0,2,-1.83,33.84,27.11,0.01,455052508
21,22,1370.0,155.5,8.5,291996216.39,0.0,2,-1.8,33.89,27.15,0.02,456203441
1165084,22,1372.0,156.5,8.5,294309229.66,0.0,2,-1.78,33.91,27.17,0.02,457368504
21,22,1376.0,151.5,8.5,282905165.93,0.0,2,-1.79,33.95,27.2,0.01,458553392
1209322,22,1380.0,146.5,8.5,271897443.1,0.0,2,-1.78,33.95,27.2,0.01,459762693
21,22,1383.0,143.5,8.5,265478836.32,0.0,2,-1.78,33.95,27.2,0.01,460994314
1250275,22,1384.0,143.5,8.5,265478836.32,0.0,2,-1.78,33.93,27.19,0.02,462244568
21,22,1388.0,140.5,8.5,259197046.63,0.0,2,-1.77,33.94,27.19,0.02,463503429
1267846,22,1391.0,144.5,8.5,267603051.84,0.0,2,-1.76,33.9,27.16,0.02,464771254
21,22,1395.0,139.5,8.5,257133119.15,0.0,2,-1.75,33.91,27.17,0.02,466039334
1253276,22,1397.0,139.5,8.5,257133119.15,0.0,2,-1.74,33.9,27.16,0.02,467292589
21,22,1401.0,139.5,8.5,257133119.15,0.0,2,-1.73,33.87,27.14,0.03,468528912
1216998,22,1402.0,138.5,8.5,255084097.09,0.0,2,-1.69,33.88,27.14,0.02,469745889
21,22,1406.0,137.5,8.5,253049900.4,0.0,2,-1.68,33.86,27.12,0.02,470935070
1153011,22,1410.0,136.5,8.5,251030404.71,0.0,2,-1.64,33.81,27.08,0.03,472088060
21,22,1413.0,135.5,8.5,249025531.04,0.0,2,-1.6,33.82,27.09,0.03,473202083
1072462,22,1415.0,138.5,8.5,255084097.09,0.0,2,-1.57,33.88,27.14,0.03,474274524
21,22,1418.0,136.5,8.5,251030404.71,0.0,2,-1.54,33.84,27.11,0.04,475314429
1007415,22,1421.0,135.5,8.5,249025531.04,0.0,2,-1.51,33.82,27.08,0.05,476321823
21,22,1425.0,134.5,8.5,247035200.69,0.0,2,-1.52,33.77,27.05,0.05,477308121
972869,22,1426.0,135.5,8.5,249025531.04,0.0,2,-1.5,33.79,27.06,0.05,478280969
21,22,1430.0,132.5,8.5,243097900.22,0.0,2,-1.54,33.74,27.03,0.05,479241127
946715,22,1432.0,133.5,8.5,245059335.18,0.0,2,-1.51,33.79,27.06,0.05,480187821
21,22,1437.0,133.5,8.5,245059335.18,0.0,2,-1.51,33.83,27.1,0.04,481111317
908704,22,1439.0,133.5,8.5,245059335.18,0.0,2,-1.51,33.82,27.09,0.04,482020000
